Word,Count
aback,3
abase,3
abate,4
abbey,3
abbot,4
abhor,3
abide,5
abled,4
abode,4
abort,5
about,5
above,5
abuse,3
abyss,4
acorn,4
acrid,4
actor,3
acute,4
adage,4
adapt,4
adept,4
admin,4
admit,5
adobe,5
adopt,5
adore,4
adorn,4
adult,4
affix,2
afire,3
afoot,4
afoul,2
after,3
again,3
agape,4
agate,3
agent,4
agile,4
aging,4
aglow,4
agony,3
agree,3
ahead,4
aider,3
aisle,3
alarm,4
album,5
alert,3
algae,3
alibi,5
alien,4
align,4
alike,4
alive,3
allay,3
alley,4
allot,3
allow,4
alloy,3
aloft,2
alone,4
along,5
aloof,3
aloud,4
alpha,2
altar,3
alter,3
amass,4
amaze,5
amber,4
amble,4
amend,4
amiss,3
amity,4
among,3
ample,3
amply,4
amuse,4
angel,3
anger,3
angle,3
angry,3
angst,5
anime,5
ankle,4
annex,5
annoy,4
annul,3
anode,4
antic,4
anvil,4
aorta,5
apart,4
aphid,4
aping,5
apnea,4
apple,4
apply,4
apron,4
aptly,4
arbor,4
ardor,5
arena,3
argue,4
arise,3
armor,3
aroma,4
arose,4
array,4
arrow,4
arson,4
artsy,4
ascot,3
ashen,3
aside,3
askew,4
assay,3
asset,3
atoll,3
atone,4
attic,5
audio,5
audit,5
augur,4
aunty,3
avail,5
avert,4
avian,4
avoid,4
await,3
awake,3
award,4
aware,3
awash,3
awful,3
awoke,5
axial,5
axiom,4
axion,5
azure,5
bacon,4
badge,6
badly,4
bagel,4
baggy,3
baker,4
baler,5
balmy,4
banal,3
banjo,6
barge,5
baron,5
basal,3
basic,4
basil,4
basin,3
basis,5
baste,3
batch,3
bathe,4
baton,4
batty,5
bawdy,5
bayou,4
beach,3
beady,4
beard,5
beast,2
beech,4
beefy,4
befit,3
began,3
begat,4
beget,5
begin,5
begun,4
being,5
belch,3
belie,3
belle,3
belly,2
below,4
bench,3
beret,4
berry,4
berth,4
beset,4
betel,4
bevel,3
bezel,5
bible,4
bicep,4
biddy,3
bigot,5
bilge,3
billy,3
binge,4
bingo,5
biome,5
birch,4
birth,3
bison,3
bitty,5
black,4
blade,5
blame,6
bland,4
blank,3
blare,3
blast,3
blaze,4
bleak,4
bleat,3
bleed,3
bleep,4
blend,3
bless,2
blimp,4
blind,4
blink,3
bliss,3
blitz,5
bloat,4
block,3
bloke,4
blond,3
blood,4
bloom,3
blown,3
bluer,4
bluff,3
blunt,4
blurb,3
blurt,4
blush,3
board,5
boast,3
bobby,4
boney,4
bongo,4
bonus,4
booby,4
boost,3
booth,3
booty,3
booze,4
boozy,5
borax,4
borne,5
bosom,4
bossy,4
botch,2
bough,3
boule,3
bound,5
bowel,3
boxer,7
brace,3
braid,4
brain,3
brake,3
brand,4
brash,3
brass,3
brave,4
bravo,4
brawl,5
brawn,4
bread,6
break,5
breed,4
briar,4
bribe,6
brick,4
bride,4
brief,3
brine,5
bring,5
brink,3
briny,4
brisk,4
broad,4
broil,3
broke,6
brood,3
brook,4
broom,5
broth,3
brown,5
brunt,5
brush,2
brute,4
buddy,4
budge,5
buggy,5
bugle,4
build,4
built,3
bulge,4
bulky,3
bully,4
bunch,4
bunny,4
burly,3
burnt,4
burst,4
bused,4
bushy,3
butch,3
butte,5
buxom,4
buyer,5
bylaw,4
cabal,3
cabby,6
cabin,5
cable,3
cacao,4
cache,3
cacti,4
caddy,4
cadet,4
cagey,2
cairn,4
camel,5
cameo,4
canal,2
candy,3
canny,4
canoe,3
canon,4
caper,4
caput,4
carat,3
cargo,3
carol,3
carry,4
carve,4
caste,7
catch,4
cater,3
catty,5
caulk,4
cause,3
cavil,4
cease,3
cedar,4
cello,3
chafe,3
chaff,2
chain,4
chair,3
chalk,2
champ,4
chant,3
chaos,3
chard,2
charm,4
chart,3
chase,2
chasm,3
cheap,3
cheat,3
check,3
cheek,3
cheer,3
chess,4
chest,3
chick,5
chide,4
chief,3
child,4
chili,3
chill,2
chime,3
china,4
chirp,3
chock,4
choir,4
choke,4
chord,4
chore,3
chose,2
chuck,4
chump,4
chunk,3
churn,5
chute,3
cider,3
cigar,3
cinch,5
circa,4
civic,4
civil,5
clack,3
claim,4
clamp,3
clang,5
clank,4
clash,2
clasp,3
class,2
clean,3
clear,4
cleat,2
cleft,3
clerk,4
click,3
cliff,2
climb,4
cling,3
clink,4
cloak,3
clock,4
clone,2
close,3
cloth,2
cloud,3
clout,4
clove,3
clown,3
cluck,4
clued,3
clump,4
clung,4
coach,3
coast,3
cobra,4
cocoa,3
colon,4
color,3
comet,4
comfy,4
comic,4
comma,5
conch,4
condo,4
conic,3
copse,3
coral,3
corer,5
corny,4
couch,4
cough,3
could,4
count,5
coupe,4
court,4
coven,4
cover,4
covet,3
covey,5
cower,3
coyly,3
crack,4
craft,3
cramp,5
crane,3
crank,3
crash,4
crass,4
crate,5
crave,4
crawl,4
craze,6
crazy,4
creak,4
cream,3
credo,4
creed,3
creek,4
creep,5
creme,4
crepe,4
crept,4
cress,4
crest,3
crick,5
cried,4
crier,3
crime,5
crimp,5
crisp,3
croak,4
crock,4
crone,4
crony,5
crook,3
cross,4
croup,4
crowd,5
crown,6
crude,3
cruel,4
crumb,5
crump,4
crush,3
crust,4
crypt,5
cubic,5
cumin,4
curio,4
curly,4
curry,3
curse,4
curve,5
curvy,4
cutie,4
cyber,4
cycle,3
cynic,4
daddy,5
daily,4
dairy,5
daisy,3
dally,3
dance,3
dandy,4
datum,5
daunt,4
dealt,3
death,3
debar,4
debit,3
debug,5
debut,4
decal,4
decay,3
decor,3
decoy,4
decry,3
defer,3
deign,4
deity,3
delay,4
delta,4
delve,4
demon,5
demur,4
denim,4
dense,4
depot,3
depth,4
derby,4
deter,3
detox,4
deuce,4
devil,4
diary,5
dicey,3
digit,4
dilly,4
dimly,5
diner,3
dingo,4
dingy,3
diode,4
dirge,3
dirty,3
disco,4
ditch,4
ditto,4
ditty,4
diver,4
dizzy,5
dodge,4
dodgy,4
dogma,4
doing,3
dolly,3
donor,3
donut,4
dopey,3
doubt,4
dough,3
dowdy,4
dowel,4
downy,3
dowry,3
dozen,4
draft,2
drain,4
drake,4
drama,4
drank,4
drape,4
drawl,3
drawn,4
dread,5
dream,5
dress,4
dried,3
drier,2
drift,3
drill,4
drink,3
drive,3
droit,3
droll,4
drone,3
drool,4
droop,3
dross,5
drove,4
drown,4
druid,4
drunk,4
dryer,3
dryly,4
duchy,4
dully,5
dummy,4
dumpy,5
dunce,4
dusky,4
dusty,5
dutch,4
duvet,4
dwarf,3
dwell,5
dwelt,5
dying,4
eager,4
eagle,4
early,5
earth,3
easel,4
eaten,4
eater,5
ebony,4
eclat,4
edict,4
edify,3
eerie,4
egret,5
eight,3
eject,4
eking,5
elate,5
elbow,4
elder,4
elect,3
elegy,4
elfin,3
elide,3
elite,4
elope,5
elude,4
email,4
embed,4
ember,5
emcee,4
empty,5
enact,3
endow,4
enema,4
enemy,5
enjoy,5
ennui,4
ensue,3
enter,6
entry,5
envoy,4
epoch,3
epoxy,4
equal,4
equip,4
erase,3
erect,4
erode,4
error,3
erupt,5
essay,3
ester,4
ether,3
ethic,4
ethos,3
etude,4
evade,5
event,5
every,4
evict,4
evoke,6
exact,4
exalt,4
excel,5
exert,5
exile,3
exist,3
expel,4
extol,4
extra,5
exult,4
eying,4
fable,3
facet,4
faint,3
fairy,3
faith,2
false,2
fancy,3
fanny,2
farce,3
fatal,3
fatty,4
fault,3
fauna,4
favor,4
feast,2
fecal,2
feign,3
fella,3
felon,3
femme,4
femur,4
fence,3
feral,4
ferry,3
fetal,3
fetch,3
fetid,4
fetus,3
fever,6
fewer,5
fiber,5
ficus,2
field,3
fiend,3
fiery,4
fifth,2
fifty,4
fight,2
filer,3
filet,4
filly,2
filmy,3
filth,2
final,4
finch,3
finer,4
first,3
fishy,2
fixer,6
fizzy,4
fjord,4
flack,3
flail,3
flair,4
flake,2
flaky,3
flame,3
flank,4
flare,4
flash,1
flask,2
fleck,5
fleet,4
flesh,2
flick,4
flier,3
fling,4
flint,3
flirt,4
float,2
flock,3
flood,4
floor,4
flora,3
floss,2
flour,3
flout,4
flown,3
fluff,5
fluid,4
fluke,3
flume,3
flung,3
flunk,2
flush,3
flute,4
flyer,4
foamy,3
focal,3
focus,3
foggy,3
foist,2
folio,3
folly,3
foray,3
force,4
forge,2
forgo,3
forte,3
forth,3
forty,3
forum,4
found,3
foyer,3
frail,2
frame,2
frank,3
fraud,4
freak,4
freed,4
freer,3
fresh,2
friar,3
fried,4
frill,3
frisk,3
fritz,3
frock,4
frond,3
front,4
frost,3
froth,4
frown,4
froze,3
fruit,4
fudge,3
fugue,3
fully,4
fungi,3
funky,5
funny,4
furor,3
furry,3
fussy,3
fuzzy,3
gaffe,3
gaily,5
gamer,3
gamma,4
gamut,4
gassy,4
gaudy,4
gauge,3
gaunt,4
gauze,4
gavel,4
gawky,5
gayer,3
gayly,4
gazer,4
gecko,5
geeky,4
geese,5
genie,4
genre,4
ghost,3
ghoul,4
giant,3
giddy,4
gipsy,3
girly,4
girth,5
given,3
giver,6
glade,5
gland,4
glare,4
glass,3
glaze,4
gleam,4
glean,3
glide,4
glint,4
gloat,3
globe,4
gloom,4
glory,4
gloss,3
glove,3
glyph,3
gnash,4
gnome,4
godly,4
going,4
golem,4
golly,4
gonad,4
goner,6
goody,5
gooey,5
goofy,3
goose,4
gorge,4
gouge,6
gourd,4
grace,2
grade,5
graft,4
grail,3
grain,4
grand,4
grant,3
grape,6
graph,4
grasp,4
grass,3
grate,4
grave,3
gravy,4
graze,7
great,3
greed,5
green,3
greet,4
grief,4
grill,3
grime,4
grimy,5
grind,3
gripe,5
groan,4
groin,3
groom,4
grope,4
gross,3
group,5
grout,4
grove,5
growl,4
grown,5
gruel,5
gruff,3
grunt,4
guard,3
guava,4
guess,4
guest,4
guide,3
guild,4
guile,5
guilt,4
guise,3
gulch,2
gully,4
gumbo,4
gummy,5
guppy,6
gusto,4
gusty,6
gypsy,3
habit,4
hairy,3
halve,2
handy,3
happy,3
hardy,4
harem,3
harpy,2
harry,3
harsh,2
haste,2
hasty,3
hatch,5
hater,3
haunt,3
haute,4
haven,4
havoc,4
hazel,3
heady,3
heard,3
heart,3
heath,4
heave,4
heavy,3
hedge,4
hefty,3
heist,3
helix,4
hello,4
hence,4
heron,3
hilly,3
hinge,3
hippo,4
hippy,3
hitch,3
hoard,4
hobby,5
hoist,3
holly,3
homer,3
honey,3
honor,3
horde,3
horny,3
horse,3
hotel,3
hotly,3
hound,4
house,4
hovel,4
hover,4
howdy,4
human,3
humid,4
humor,4
humph,4
humus,4
hunch,5
hunky,5
hurry,4
husky,4
hussy,3
hutch,4
hydro,4
hyena,3
hymen,4
hyper,4
icily,4
icing,5
ideal,5
idiom,4
idiot,3
idler,3
idyll,3
igloo,5
iliac,3
image,4
imbue,5
impel,5
imply,5
inane,5
inbox,5
incur,4
index,4
inept,4
inert,4
infer,3
ingot,4
inlay,3
inlet,4
inner,4
input,4
inter,4
intro,3
ionic,5
irate,5
irony,4
islet,3
issue,3
itchy,4
ivory,4
jaunt,6
jazzy,6
jelly,3
jerky,5
jetty,4
jewel,5
jiffy,3
joint,4
joist,4
joker,5
jolly,5
joust,5
judge,6
juice,4
juicy,4
jumbo,5
jumpy,5
junta,5
junto,4
juror,5
kappa,6
karma,4
kayak,4
kebab,4
khaki,4
kinky,5
kiosk,3
kitty,6
knack,5
knave,4
knead,4
kneed,3
kneel,5
knelt,4
knife,3
knock,4
knoll,4
known,5
koala,4
krill,5
label,3
labor,5
laden,3
ladle,4
lager,5
lance,3
lanky,4
lapel,4
lapse,2
large,5
larva,5
lasso,3
latch,2
later,4
lathe,3
latte,5
laugh,3
layer,4
leach,2
leafy,2
leaky,4
leant,4
leapt,5
learn,4
lease,2
leash,2
least,3
leave,4
ledge,5
leech,3
leery,4
lefty,2
legal,5
leggy,3
lemon,5
lemur,4
leper,4
level,3
lever,4
libel,3
liege,4
light,4
liken,5
lilac,3
limbo,3
limit,4
linen,4
liner,5
lingo,4
lipid,3
lithe,3
liver,4
livid,4
llama,5
loamy,4
loath,3
lobby,3
local,3
locus,4
lodge,4
lofty,3
logic,5
login,4
loopy,3
loose,3
lorry,4
loser,3
louse,2
lousy,3
lover,4
lower,3
lowly,6
loyal,5
lucid,5
lucky,4
lumen,5
lumpy,4
lunar,3
lunch,3
lunge,5
lupus,3
lurch,4
lurid,4
lusty,4
lying,4
lymph,3
lyric,3
macaw,5
macho,4
macro,4
madam,4
madly,5
mafia,3
magic,3
magma,4
maize,4
major,5
maker,5
mambo,5
mamma,5
mammy,5
manga,3
mange,4
mango,4
mangy,4
mania,4
manic,3
manly,3
manor,4
maple,6
march,3
marry,4
marsh,3
mason,4
masse,4
match,2
matey,3
mauve,4
maxim,5
maybe,3
mayor,3
mealy,3
meant,4
meaty,3
mecca,4
medal,4
media,4
medic,3
melee,3
melon,4
mercy,4
merge,4
merit,3
merry,3
metal,3
meter,4
metro,4
micro,4
midge,4
midst,4
might,5
milky,3
mimic,4
mince,4
miner,3
minim,4
minor,3
minty,5
minus,3
mirth,4
miser,4
missy,3
mocha,4
modal,5
model,5
modem,4
mogul,5
moist,3
molar,4
moldy,4
money,5
month,4
moody,3
moose,3
moral,4
moron,4
morph,4
mossy,4
motel,4
motif,4
motor,4
motto,4
moult,4
mound,4
mount,4
mourn,4
mouse,4
mouth,3
mover,5
movie,5
mower,4
mucky,5
mucus,4
muddy,4
mulch,3
mummy,4
munch,4
mural,5
murky,4
mushy,5
music,4
musky,3
musty,4
myrrh,5
nadir,4
naive,4
nanny,5
nasal,4
nasty,5
natal,3
naval,4
navel,3
needy,4
neigh,3
nerdy,4
nerve,5
never,5
newer,4
newly,4
nicer,4
niche,4
niece,4
night,4
ninja,5
ninny,6
ninth,4
noble,3
nobly,3
noise,3
noisy,4
nomad,4
noose,5
north,5
nosey,3
notch,3
novel,5
nudge,4
nurse,5
nutty,5
nylon,3
nymph,4
oaken,4
obese,3
occur,4
ocean,4
octal,4
octet,4
odder,4
oddly,4
offal,3
offer,4
often,3
olden,3
older,3
olive,3
ombre,4
omega,4
onion,4
onset,3
opera,4
opine,5
opium,4
optic,4
orbit,4
order,3
organ,3
other,3
otter,5
ought,4
ounce,4
outdo,4
outer,4
outgo,4
ovary,5
ovate,4
overt,4
ovine,4
ovoid,4
owing,3
owner,4
oxide,4
ozone,4
paddy,4
pagan,3
paint,5
paler,6
palsy,3
panel,3
panic,4
pansy,4
papal,3
paper,5
parer,4
parka,5
parry,4
parse,3
party,3
pasta,4
paste,4
pasty,3
patch,6
patio,4
patsy,3
patty,4
pause,2
payee,4
payer,3
peace,3
peach,4
pearl,3
pecan,3
pedal,5
penal,5
pence,4
penne,3
penny,4
perch,4
peril,4
perky,4
pesky,4
pesto,3
petal,4
petty,4
phase,3
phone,4
phony,5
photo,3
piano,4
picky,4
piece,3
piety,4
piggy,5
pilot,4
pinch,3
piney,4
pinky,4
pinto,4
piper,4
pique,5
pitch,5
pithy,4
pivot,4
pixel,5
pixie,4
pizza,6
place,3
plaid,3
plain,3
plait,4
plane,2
plank,3
plant,4
plate,4
plaza,4
plead,5
pleat,4
plied,4
plier,4
pluck,3
plumb,4
plume,4
plump,4
plunk,4
plush,4
poesy,3
point,5
poise,2
poker,4
polar,5
polka,4
polyp,4
pooch,5
poppy,4
porch,4
poser,3
posit,3
posse,3
pouch,3
pound,4
pouty,4
power,5
prank,5
prawn,5
preen,4
press,3
price,4
prick,4
pride,3
pried,3
prime,3
primo,4
print,4
prior,3
prism,3
privy,5
prize,5
probe,6
prone,4
prong,5
proof,4
prose,3
proud,4
prove,5
prowl,4
proxy,6
prude,4
prune,4
psalm,3
pubic,5
pudgy,4
puffy,3
pulpy,4
pulse,3
punch,4
pupil,4
puppy,5
puree,3
purer,5
purge,5
purse,3
pushy,4
putty,4
pygmy,5
quack,4
quail,3
quake,4
qualm,4
quark,4
quart,3
quash,5
quasi,4
queen,4
queer,6
quell,5
query,5
quest,5
queue,5
quick,5
quiet,3
quill,4
quilt,5
quirk,3
quite,4
quota,5
quote,5
quoth,3
rabbi,4
rabid,5
racer,3
radar,4
radii,4
radio,3
rainy,4
raise,3
rajah,3
rally,5
ralph,3
ramen,4
ranch,3
randy,5
range,5
rapid,4
rarer,5
raspy,4
ratio,4
ratty,4
raven,5
rayon,4
razor,4
reach,2
react,3
ready,4
realm,3
rearm,4
rebar,5
rebel,3
rebus,4
rebut,4
recap,4
recur,4
recut,5
reedy,3
refer,4
refit,4
regal,4
rehab,4
reign,3
relax,4
relay,3
relic,4
remit,4
renal,4
renew,4
repay,3
repel,4
reply,3
rerun,5
reset,3
resin,4
retch,5
retro,4
retry,4
reuse,4
revel,4
revue,5
rhino,4
rhyme,4
rider,4
ridge,3
rifle,3
right,3
rigid,3
rigor,3
rinse,3
ripen,4
riper,3
risen,3
riser,3
risky,4
rival,6
river,4
rivet,3
roach,3
roast,5
robin,4
robot,4
rocky,4
rodeo,3
roger,5
rogue,5
roomy,4
roost,4
rotor,4
rouge,4
rough,4
round,4
rouse,4
route,5
rover,4
rowdy,3
rower,4
royal,4
ruddy,4
ruder,4
rugby,4
ruler,4
rumba,4
rumor,4
rupee,4
rural,5
rusty,3
sadly,3
safer,2
saint,4
salad,4
sally,2
salon,5
salsa,3
salty,3
salve,3
salvo,4
sandy,4
saner,3
sappy,5
sassy,5
satin,3
satyr,4
sauce,3
saucy,3
sauna,4
saute,2
savor,4
savoy,3
savvy,4
scald,4
scale,3
scalp,5
scaly,6
scamp,4
scant,3
scare,4
scarf,2
scary,4
scene,4
scent,4
scion,4
scoff,4
scold,4
scone,3
scoop,3
scope,4
score,4
scorn,4
scour,4
scout,4
scowl,4
scram,4
scrap,3
scree,4
screw,5
scrub,3
scrum,4
scuba,4
sedan,4
seedy,4
segue,5
seize,5
semen,5
sense,5
sepia,4
serif,3
serum,4
serve,4
setup,4
seven,4
sever,6
sewer,5
shack,4
shade,3
shady,3
shaft,2
shake,4
shaky,4
shale,3
shall,2
shalt,4
shame,5
shank,5
shape,6
shard,4
share,2
shark,3
sharp,5
shave,7
shawl,3
shear,4
sheen,3
sheep,4
sheer,4
sheet,3
sheik,4
shelf,2
shell,2
shied,4
shift,2
shine,4
shiny,4
shire,4
shirk,3
shirt,3
shoal,2
shock,5
shone,3
shook,4
shoot,4
shore,3
shorn,4
short,2
shout,3
shove,4
shown,4
showy,5
shrew,3
shrub,5
shrug,4
shuck,4
shunt,4
shush,3
shyly,3
siege,4
sieve,5
sight,3
sigma,4
silky,4
silly,3
since,3
sinew,4
singe,4
siren,3
sissy,4
sixth,3
sixty,4
skate,3
skier,5
skiff,4
skill,5
skimp,5
skirt,4
skulk,5
skull,4
skunk,5
slack,3
slain,3
slang,2
slant,3
slash,3
slate,4
sleek,3
sleep,3
sleet,4
slept,4
slice,4
slick,3
slide,5
slime,3
slimy,4
sling,3
slink,2
sloop,5
slope,4
slosh,3
sloth,2
slump,4
slung,3
slunk,3
slurp,5
slush,2
slyly,4
smack,4
small,3
smart,3
smash,3
smear,5
smell,4
smelt,4
smile,4
smirk,4
smite,5
smith,4
smock,4
smoke,4
smoky,5
smote,3
snack,3
snail,3
snake,4
snaky,4
snare,5
snarl,4
sneak,4
sneer,4
snide,5
sniff,2
snipe,4
snoop,4
snore,3
snort,3
snout,4
snowy,4
snuck,4
snuff,3
soapy,5
sober,4
soggy,4
solar,3
solid,3
solve,4
sonar,4
sonic,4
sooth,2
sooty,4
sorry,3
sound,3
south,3
sower,3
space,3
spade,4
spank,4
spare,3
spark,3
spasm,5
spawn,4
speak,4
spear,3
speck,5
speed,3
spell,3
spelt,3
spend,3
spent,3
sperm,4
spice,5
spicy,4
spied,4
spiel,3
spike,4
spiky,4
spill,2
spilt,3
spine,3
spiny,4
spire,4
spite,3
splat,4
split,3
spoil,3
spoke,4
spoof,3
spook,4
spool,3
spoon,4
spore,3
sport,4
spout,3
spray,4
spree,3
sprig,4
spunk,4
spurn,3
spurt,3
squad,3
squat,3
squib,4
stack,4
staff,3
stage,5
staid,4
stain,4
stair,3
stake,3
stale,3
stalk,4
stall,2
stamp,5
stand,4
stank,3
stare,2
stark,3
start,4
stash,4
state,6
stave,4
stead,5
steak,3
steal,3
steam,4
steed,5
steel,4
steep,4
steer,3
stein,4
stern,3
stick,4
stiff,3
still,3
stilt,3
sting,5
stink,4
stint,3
stock,4
stoic,6
stoke,4
stole,3
stomp,5
stone,2
stony,3
stood,5
stool,3
stoop,4
store,3
stork,3
storm,5
story,4
stout,5
stove,5
strap,4
straw,5
stray,3
strip,4
strut,4
stuck,3
study,5
stuff,3
stump,4
stung,5
stunk,4
stunt,4
style,4
suave,5
sugar,3
suing,3
suite,4
sulky,3
sully,4
sumac,4
sunny,4
super,4
surer,4
surge,4
surly,4
sushi,3
swami,5
swamp,4
swarm,5
swash,2
swath,2
swear,4
sweat,4
sweep,4
sweet,3
swell,3
swept,4
swift,3
swill,4
swine,4
swing,4
swirl,3
swish,3
swoon,3
swoop,4
sword,4
swore,5
sworn,4
swung,4
synod,3
syrup,4
tabby,5
table,5
taboo,4
tacit,4
tacky,3
taffy,4
taint,4
taken,4
taker,3
tally,4
talon,4
tamer,5
tango,4
tangy,3
taper,4
tapir,4
tardy,4
tarot,5
taste,5
tasty,4
tatty,4
taunt,4
tawny,4
teach,5
teary,3
tease,3
teddy,4
teeth,4
tempo,4
tenet,4
tenor,3
tense,4
tenth,3
tepee,4
tepid,4
terra,4
terse,3
testy,4
thank,3
theft,3
their,3
theme,3
there,3
these,3
theta,4
thick,4
thief,2
thigh,4
thing,4
think,3
third,3
thong,4
thorn,4
those,3
three,2
threw,3
throb,3
throw,4
thrum,4
thumb,5
thump,4
thyme,3
tiara,4
tibia,4
tidal,4
tiger,5
tight,3
tilde,4
timer,4
timid,4
tipsy,4
titan,5
tithe,3
title,4
toast,4
today,4
toddy,4
token,4
tonal,3
tonga,5
tonic,4
tooth,5
topaz,5
topic,5
torch,3
torso,4
torus,4
total,4
totem,5
touch,4
tough,4
towel,5
tower,6
toxic,4
toxin,4
trace,4
track,3
tract,4
trade,5
trail,2
train,5
trait,4
tramp,5
trash,5
trawl,3
tread,4
treat,5
trend,4
triad,5
trial,5
tribe,5
trice,6
trick,6
tried,5
tripe,4
trite,4
troll,5
troop,5
trope,3
trout,5
trove,4
truce,4
truck,4
truer,3
truly,5
trump,5
trunk,4
truss,4
trust,3
truth,4
tryst,4
tubal,5
tuber,5
tulip,5
tulle,3
tumor,4
tunic,4
turbo,5
tutor,3
twang,4
tweak,4
tweed,4
tweet,5
twice,4
twine,3
twirl,4
twist,4
twixt,4
tying,4
udder,3
ulcer,4
ultra,3
umbra,4
uncle,4
uncut,4
under,4
undid,4
undue,4
unfed,3
unfit,3
unify,2
union,4
unite,4
unity,4
unlit,4
unmet,5
unset,3
untie,4
until,4
unwed,4
unzip,4
upper,6
upset,4
urban,4
urine,6
usage,3
usher,3
using,3
usual,3
usurp,5
utile,4
utter,5
vague,3
valet,6
valid,4
valor,4
value,6
valve,5
vapid,4
vapor,5
vault,5
vaunt,5
vegan,4
venom,4
venue,4
verge,5
verse,4
verso,3
verve,4
vicar,4
video,4
vigil,4
vigor,4
villa,4
vinyl,4
viola,5
viper,5
viral,5
virus,4
visit,4
visor,3
vista,3
vital,5
vivid,5
vixen,4
vocal,4
vodka,4
vogue,5
voice,5
voila,5
vomit,4
voter,6
vouch,5
vowel,6
vying,5
wacky,4
wafer,3
wager,3
wagon,4
waist,4
waive,3
waltz,5
warty,4
waste,6
watch,7
water,4
waver,5
waxen,4
weary,4
weave,4
wedge,3
weedy,4
weigh,4
weird,3
welch,4
welsh,2
whack,3
whale,3
wharf,3
wheat,4
wheel,3
whelp,4
where,4
which,4
whiff,3
while,3
whine,4
whiny,4
whirl,3
whisk,3
white,4
whole,3
whoop,4
whose,4
widen,3
wider,4
widow,4
width,5
wield,4
wight,3
willy,5
wimpy,5
wince,5
winch,4
windy,4
wiser,5
wispy,4
witch,6
witty,4
woken,6
woman,5
women,5
woody,4
wooer,4
wooly,5
woozy,4
wordy,4
world,4
worry,4
worse,5
worst,4
worth,4
would,3
wound,6
woven,4
wrack,5
wrath,3
wreak,6
wreck,4
wrest,4
wring,5
wrist,3
write,5
wrong,6
wrote,4
wrung,5
wryly,5
yacht,3
yearn,4
yeast,3
yield,4
young,4
youth,4
zebra,5
zesty,5
zonal,4
